{"cameraMode":{"drawMode":0,"name":"Shaded","section":"Shading Mode"},"sceneLighting":true,"audioPlay":false,"sceneViewState":{"m_AlwaysRefresh":false,"showFog":true,"showSkybox":true,"showFlares":true,"showImageEffects":true,"showParticleSystems":true,"showVisualEffectGraphs":true,"m_FxEnabled":true},"in2DMode":false,"pivot":{"x":-8.844953536987305,"y":11.498661994934082,"z":-20.35531234741211},"rotation":{"x":-0.0023891758173704149,"y":-0.9965130686759949,"z":0.07788578420877457,"w":-0.030496792867779733},"size":14.190648078918457,"orthographic":true}